feature_ids	Ath_WT_R1_expression	Ath_WT_R2_expression	Ath_hy5_R1_expression	Ath_hy5_R2_expression
AT3G14770	5.019769171221698	4.945505766634486	3.050256857702075	3.1152089707359925
AT4G12460	1.1526165423989134	0.4098538172516267	2.7012734847651045	2.9828122755643593
AT1G68790	1.172864625077088	1.1359135987543758	3.0960426311431526	3.4587510502757204
AT5G16780	1.1339324205535117	0.7773333041439379	3.527632149125558	4.079876353203835
AT3G05130	1.7020835194494843	1.4258403465235272	3.8713229972794396	3.8966009537625284
AT5G46030	3.942791238519566	3.4530915981326022	5.907655116509941	5.961658645086197
AT3G50480	2.710511684260557	3.0294569154432893	5.075403667705513	5.1948888348068705
AT5G10950	1.8000969571009753	1.4286355898196592	3.8477392119039013	4.077915004301801
AT3G06400	1.7679961100587192	1.471693720640283	4.377808515785542	4.831352834872059
AT1G11475	5.7752257178769275	6.285300688188642	2.5893356734116444	3.368261901265728
AT3G44670	2.101899982598202	1.6908090931837902	3.7777362612046295	3.839760922924478
AT3G48570	4.632468201629766	4.177165967723649	0.0	0.0
AT1G15200	2.953964732026324	3.2554437249619017	5.1626481931066115	5.417604963480828
AT3G51240	4.238151801737596	4.633371052876957	2.0794873612940954	1.4338867443618857
AT1G20970	1.9986188696151628	1.2462156842252017	3.7570271487730253	4.160177310171194
AT3G47910	1.460777931524959	0.6538357247468821	3.791507676503593	3.9549397983968255
AT5G13840	0.0	0.6894421577377462	2.6716655045360858	3.874536896089543
AT1G70620	1.9850394873688149	1.499953259005993	4.878291702995075	4.86697313696177
AT4G04740	0.6720914834556663	0.5406084265999859	3.3826983888735516	3.0512269322381838
AT5G42540	0.9483391153407074	1.2210085033307987	3.4610742286117135	4.107700754399727
AT3G16810	0.0	0.0	2.663966494181765	2.04114535904004
AT1G07770	9.779919561655003	9.763270612565584	7.246991728506564	7.386230724488792
AT5G03420	1.9542478348551533	1.694878230132422	3.7761421469381253	4.056343385366996
AT2G13370	0.8681423148615617	0.607232306542759	2.5925751482868686	2.8876063771533467
AT2G25510	5.702742803963763	6.091322969165357	8.87056985436302	8.958554626269274
AT1G70320	2.9536449011079045	2.4600433031958913	4.914670792885208	4.9347253660767745
AT5G44180	1.9397502773989774	1.4091206623403674	3.7229168062218525	3.8853828986025127
AT5G49930	0.6761666276285361	0.7154999762940392	2.7657862168030833	3.069946147268325
AT2G31960	1.196041262714302	1.751919024439566	3.012488184153598	3.6283830596109463
AT1G09645	5.40667216538571	4.916314229454323	2.540603397877582	2.9329619374398654
AT1G22610	0.0	0.0	4.435307440881194	4.552720077905433
AT4G16280	0.7240015791770662	1.1295314578376514	2.6812598974548774	3.018971579989406
AT1G15120	7.788731512396969	7.801341988435747	5.641170053855688	5.861789250961832
AT2G48060	0.8864563107824099	0.9792654443782053	2.5712861090450247	2.3697062419048143
AT1G59890	0.0	0.0	2.9464441935896413	3.1765636044713847
AT3G06880	0.0	0.602762370897013	2.1175297988784507	2.7902365688509985
AT1G64790	0.4672203992519263	0.41586062905514326	3.0265605311587165	3.1116516638505605
AT1G21160	1.0233638256819437	0.7558036297578493	2.632801907658383	3.080678860741885
AT3G47890	0.9346951386763884	0.9479483603035738	2.3169162346627092	2.9538666243174796
AT1G55860	1.925547448536979	2.0874407483512574	4.292451212435185	4.4338549132508716
AT1G24460	0.45519593435174405	1.0984313304830107	3.268269388983574	3.550273853670291
AT1G77120	4.503118778720444	4.670390077845445	1.3176602998281874	0.0
AT5G13010	1.4864951555160015	1.8507425575475804	3.751757579146287	4.100874080675601
AT1G80930	3.4582496470672974	3.3215095559279835	5.413104079246473	5.604252325601574
AT4G00060	1.3775685618926903	1.1298143143066264	2.799622501074589	3.4062850216297096
AT3G14430	7.18687761672626	7.138881565093461	5.060566161514458	4.8298000289464245
AT4G28520	0.0	0.0	2.329676246612088	2.9482213095485728
AT1G69070	0.9358716632579165	0.47736473692611175	2.865441383224633	2.9361039479551425
AT5G52250	4.319542907009774	4.097650076948162	1.7266764669678991	1.5994260638531577
AT2G42540	0.0	0.0	3.3181157226143285	2.9182306239874882
AT3G28460	0.0	1.188263514468132	3.945381432642279	3.7272694771120856
AT1G22690	9.320064357258843	9.304278957620426	5.444644759165087	6.887137130939882
AT1G27580	2.931679912800787	3.2879779467050305	0.0	0.0
AT5G20490	0.8972578025121621	1.2311947723113132	2.788464759553583	3.2868569202986047
AT1G64550	2.9854590331194406	1.2634980535256384	4.965375115589652	4.41335149602836
AT5G41020	2.4061369589092685	1.7727098896438482	4.150817357709789	4.361103502109103
AT1G65440	2.757622264704018	2.779762434515519	5.250065422345491	5.140238324186398
AT3G54500	3.9324333997544376	3.8142829032944285	5.901021046561516	5.944754833763345
AT3G15710	4.2236297044490865	3.7516844400464273	0.0	0.0
AT5G08420	2.6075202620016205	2.062989394087461	4.456726947504692	5.283270768249444
AT5G27290	2.1057511268117493	2.91196146724982	4.153501727765987	4.738251174885607
AT4G23800	1.4150104503784815	1.05230622756003	4.9408892074914705	4.920477114557551
AT1G02080	0.6531647013952869	1.4782027523230294	2.749078123334395	3.2600743678123214
AT1G02330	0.0	0.0	2.179952304620317	4.3006029771435275
AT5G13930	6.1871163784762695	6.33935682413125	4.038731801716279	4.038835400997272
AT2G27960	5.35323586632069	6.611663203822354	3.239868476933688	4.313480368446913
AT5G45570	0.0	0.0	2.1290538490996975	2.6180429222629495
AT1G65010	2.4084953182784665	2.2590513182200564	4.174647259200309	4.347392953679169
AT4G12610	1.2627009727447203	1.8239445285212956	3.4056315098818954	3.9332921958464437
AT3G06430	1.3377553186248263	2.565904942067833	4.853446889375431	5.110833627982277
AT2G18660	0.0	0.0	2.69758645021667	2.097076743087947
AT1G64330	2.507759841629681	2.597972566228997	4.264298582811015	4.925952788964746
AT4G14400	1.2284866409765325	2.2028871751942156	4.369152833997992	4.7068091932176355
AT1G56070	4.694235217767879	6.031305422511872	8.237028403915403	8.40012041529782
AT5G10760	0.0	0.0	3.750598822854807	3.4610880419622223
AT5G21060	0.0	2.2702261351708617	3.9785899011063197	4.288662065049201
AT5G55820	0.0	0.0	1.8159990939711512	1.556047021971445
AT5G43560	1.272522563422867	1.4992813240647294	3.746324810572415	4.133888342729818
AT5G41140	1.8085170197056997	1.1940948126101327	3.1268376861383307	3.4106227213060354
AT5G24740	0.2575479749846423	0.2674014982957632	1.4651510996580646	1.6239646966843173
AT1G03060	1.6180142937811584	1.507011587845156	3.3445930517693396	3.624098270436711
AT1G70350	4.372508788177554	4.181283420253834	0.0	0.0
AT1G73110	2.6422190668437375	2.9939781909271677	4.710399291705703	4.855982666682508
AT1G42540	1.6371846962529997	1.4492382290922705	3.3894109317599286	3.4022238945360246
AT2G40360	1.8729672298392943	2.235640769243364	3.85182566158018	4.2217250846500125
AT5G16730	2.706406281510137	2.9044296845818045	4.776462267269157	4.789772000491102
AT3G05060	1.9376758334111732	1.3991716577352125	3.798190660904159	3.958849378880923
AT5G44870	1.2447453601040117	0.821816681007387	2.8765200313522947	2.9604981678716253
AT3G50950	2.7247845791337753	2.993182672552603	5.006197261192129	4.92092751519079
AT4G15920	5.37657353915108	5.453935572753221	3.147456078125814	3.7380661357704037
AT1G53430	1.9338126834839158	1.4943653596243567	3.657730921708655	3.1746198132330132
AT4G31880	1.4374355642395444	1.3083046991372047	3.3185234127978673	3.7705483835862057
AT4G21710	1.4152035057684023	2.092901465158587	3.673769452728383	3.503311616819678
AT4G20390	5.803697208495126	5.9432738534600515	3.080552270760433	2.6955853707027773
AT1G22520	5.370643526590883	4.9572105835046205	3.1237644435787186	1.9854585034409165
AT4G00800	1.4878963797809166	1.6479828509118923	3.2563409039604525	3.3974531556985834
AT1G47900	1.786136027586864	1.041662949646268	2.9929697217712103	3.3706009806016684
AT2G43620	2.70303626113972	2.3062350419072946	4.593596022645748	4.6995422275634855
AT1G26150	3.2193184527078023	3.3261378121484033	5.8055820393961355	5.74863481197081
AT1G28420	1.0085014791813587	1.521262094820162	3.115239109862738	3.566895405939163
AT5G02940	0.7939218334034549	1.2285359289521485	3.851085758881136	2.5947785602602385
AT1G67030	4.710230742940008	4.751896964412423	2.5542365479452864	2.7424510832701383
AT1G63100	0.6140000895380221	1.0971797083705315	3.0885999631639782	3.0111230442971917
AT3G43300	2.5557430726078936	2.2282953565184873	4.218225133721328	4.742067286199983
AT1G43800	4.735622454252133	4.928409907326691	2.7451829589075274	2.2578830184394767
AT4G23050	1.4484900705391006	1.6969453482079455	3.493242999643709	3.5478225096444147
AT1G17110	1.2424906930023314	1.3031368715230012	3.2669648846527366	3.7955072188493757
AT3G52105	5.710323049768944	6.831591371785519	3.844871891560551	3.8872189885769317
AT3G13870	2.9518787130823836	3.46265823745295	4.932782547524315	5.699915671314361
AT2G43810	5.25613900076486	5.7860159961445286	2.546289606751762	3.8527771451082717
AT1G21110	4.5532478778112875	4.434125388123993	1.5041819559876033	2.1568877198672416
AT5G04290	2.971908227127055	2.9702476744524238	4.940932481760977	5.076641522890677
AT1G79280	0.406718924637786	0.32854066594851306	1.9316179756746916	3.1252426004134195
AT1G04300	2.3180000192656336	1.4288731735153026	4.216318461012324	4.327720811098552
AT5G45680	7.004574354074979	6.9774372033955245	4.833320637684367	5.159875144387565
AT4G02710	0.0	0.5607001174418177	2.4808082602017976	2.4616763865713
AT3G44070	0.0	0.0	3.9761168991857154	4.682834519844952
AT1G72050	2.006856198120163	2.2855983958591595	3.6659673241477977	4.515851798184495
AT2G42570	4.931634554646741	4.63205590637943	1.7329354798291685	3.2907577692581222
AT5G51200	0.6227711852299751	1.0889521482230329	2.7023686334662567	2.886053988952677
AT1G28200	6.367788599515214	6.101613894034461	4.138179230978491	4.053645385037674
AT5G05060	4.878119595803673	4.778968918277462	0.0	1.788320962441405
AT3G15120	1.3315477549988772	1.4390774124023231	3.071909514828132	2.981264401057988
AT5G61040	0.0	0.0	2.077465442435525	2.298622624061147
AT2G18230	1.6363993608105039	1.937660284761468	3.9614809411181398	4.847315198526642
AT2G35630	1.219235439866251	0.9473055883638317	2.781456428040316	3.2505012244384717
AT1G67230	2.550970267758295	2.1359348794016535	4.718813275768668	4.931316719706828
AT4G14760	0.3616552117986651	0.6887607480903557	2.7127677268758874	2.692169562271518
AT5G08040	7.171943082968407	7.288184288008773	4.8291284883287675	5.480429047998601
AT2G05915	0.0	0.0	6.355415909083567	6.3942906514839395
AT3G20550	1.7086216751163472	2.8588609342131472	4.226666339001118	4.756329197639653
AT5G41370	1.2423615661947733	1.8412827988624993	3.6790155036441665	3.411380893488998
AT5G22760	1.5434065546565907	0.8747496630438709	2.89417949392201	3.0986673155787265
AT1G02300	0.0	0.0	3.6036133348898147	2.5229034383282447
AT5G13900	5.206452060819083	4.903553552667032	0.0	0.0
AT1G04850	2.6312871712472194	1.7828549072387478	5.152275138694147	4.511099800629786
AT5G35660	0.0	0.0	3.900659154752538	4.243240928120576
AT3G55240	5.639916119963065	5.789515228654198	3.2202968814618536	3.72962032866543
AT1G14460	1.0126285175419643	1.1557909896313576	2.8450644428923604	3.1005851770285613
AT3G47295	7.504906190334089	7.562310546639722	4.9712632647477975	5.999845223360757
AT2G28290	1.1542112663714785	1.2807407713603085	3.5016566760833903	3.5583516334692855
AT1G22060	1.32474204866056	0.8259050571887937	2.5533836326709722	2.580267165968403
AT5G09880	3.170010116289809	2.6292069657744506	5.42945233840435	5.670713959308564
AT4G16990	4.06507928496896	3.594570023085585	6.114605124869312	5.789023717267144
AT5G22620	1.67034328802077	0.8963912436666172	4.049429690274433	4.270142956973741
AT3G19650	2.3507094350916637	2.316714857652681	4.286066582993718	4.622560148316302
AT4G02110	0.0	0.0	1.875634615736133	2.037172133780487
AT5G44572	3.5884159530647812	2.6603014961353426	0.0	0.0
AT4G37560	1.201947409811892	0.0	3.6395933907340536	3.9074915550277924
AT1G53541	8.026459023187146	7.87625222786478	5.614052601320948	5.7284070332565085
AT3G22231	0.0	2.648594007642386	6.897758341337792	6.7265608525525895
AT1G09980	0.5450530756657197	0.0	2.770489334511637	2.6884820115112857
AT2G48120	0.0	0.0	2.6016543922482156	4.229828209146537
AT5G04080	5.2259533046464774	5.131745368798809	0.0	0.0
AT1G26390	0.0	0.0	3.261273289820202	3.8855319672215747
AT5G47490	1.1481834382777978	1.5358975090428357	2.961952478115441	2.9868904847430207
AT1G48090	0.9323886165943726	0.482754238013787	2.6406994206085055	2.920409509643659
AT5G38150	2.040841151382216	1.5883124413891108	3.76016747404668	4.276703356740724
AT1G79560	1.7762428353602946	2.5607062261076567	4.168122876130775	4.065539776624719
AT3G49601	3.101760417414426	3.04366424833701	5.459637060722572	5.724252456083247
AT4G27180	1.6373683848555896	0.872523771395892	3.88565016420114	4.173673671123822
AT1G31020	2.603079564178617	4.097743472227562	0.0	0.0
AT5G56940	6.583878489154184	6.510292362953565	4.39264100805049	4.729350304944046
AT4G32190	1.9755613513075567	2.4340938718984355	3.9683090381345805	4.5467462237368395
AT5G47820	2.4697507046615352	1.512004112672448	4.036358721779808	4.380946311586951
AT5G55300	0.8750531453097419	1.282796549982757	3.657116821241221	3.1047207768024427
AT1G79690	0.0	0.0	3.9624148141841324	3.2593472036209157
AT1G17360	1.0569534567500396	1.1243597776702867	2.8613740575880806	3.506803512095923
AT4G17790	4.71114474349176	3.61561098038688	2.1608782018708834	1.5873761054010684
AT5G52300	0.0	0.0	2.6558937374282157	1.871682827974328
AT1G75310	0.938898797241743	0.6867367916554293	2.6973291691357355	2.5179215798061607
AT3G21430	0.0	0.0	1.5711610933913103	2.0055853864261337
AT1G10320	0.9591990059478707	0.0	4.3387260834681065	4.272126628075641
AT1G01040	1.337136658536777	1.4164490269349115	3.120364705059715	3.4505782629619772
AT1G56290	0.5268894064891967	0.0	2.7941348073202334	3.1700755047481386
AT1G44910	0.0	0.0	2.1729501093847485	2.6096401315767066
AT2G46560	1.653116524096311	1.2437774496197154	3.2939980926202344	3.2440121671590956
AT5G13730	1.694443864555318	2.423594046447904	4.755752179935198	5.023260520983994
AT3G16000	2.71642001376727	2.812739430220274	4.937568115377134	5.528867955548276
AT5G23110	0.8638835047366399	1.1070244299468766	2.3856956336644055	2.762305912256648
AT5G38840	0.0	0.0	2.557970069273798	3.1628446085387787
AT2G41090	4.807168788500966	4.327661473739819	7.200130716662997	7.241971951223976
AT1G62040	5.4668408685540255	5.4032549382968975	3.4715149492060684	3.125032943567865
AT5G20410	4.382574498866087	4.174760175413001	0.0	0.7410846494417659
AT4G02020	0.5664092329186553	1.608482570214986	2.8552446289066795	3.514552826715853
AT4G19510	0.5275240730610988	1.5300741752546436	2.9029560889196024	3.0316392456540764
AT3G29390	1.38282830077551	1.84391376801847	3.945166067040932	3.876877388945633
AT3G24080	3.5239241329456044	3.586920274349576	6.23211638784191	6.332379515650227
AT3G61010	1.348123262782968	0.0	3.5983252697286763	4.2805001534629215
AT1G50840	1.2226633143251913	1.8860634166098367	3.3671210055486225	3.6812095142749035
AT3G58110	1.4218886176605685	2.5149859316414775	4.0221818297128955	4.283647080996606
AT1G76810	3.3865888961453336	3.0655891937637594	5.103430638258402	5.5262675724686305
AT2G25660	0.6302202519830781	1.056753276161787	3.039487123125881	3.946329741343035
AT5G55220	2.6912675735745073	3.598029693831533	5.227936392043867	5.5145508730573845
AT3G54760	2.451359872984708	2.0314568281506316	4.78913314630042	4.803366326726326
AT5G18590	1.7324981706236258	0.0	3.235466901161194	3.7794121459353582
AT5G02810	1.4205781647837281	1.740303317773006	4.477744685468485	4.045710421816622
AT5G24980	5.383629332477756	3.949783053458266	0.0	0.0
AT3G62750	2.9129473673522663	2.390522465964757	4.438274021504306	4.902124899425302
AT2G15880	1.5852882790278509	1.3833804538545653	4.251547622403866	3.82725230518355
AT5G48460	0.0	0.0	3.1479051560034486	3.6595358831854634
AT5G44120	0.0	0.0	3.902682449272177	3.605003701126431
AT1G77300	0.8627929839366153	1.0530670920880154	2.988985769349228	2.7415746770225233
AT3G61420	0.0	0.0	1.8116832813530215	2.940224162708497
AT2G16750	0.0	0.0	2.4265073131220114	1.9137224266969237
AT5G25560	1.9176998638560159	2.6314801832519024	4.455812465029463	4.372967258313222
AT3G22790	0.0	0.27192845089192774	2.186629069893884	2.246494494823803
AT1G16960	3.146505357050007	4.04226766609051	0.0	0.0
AT5G08450	2.3737099855058896	2.7759118341210027	5.0778008770412635	4.897242943357145
AT5G06160	0.8755311946077025	0.0	3.127138969988322	3.772296364727722
AT4G03000	1.7639249697114296	1.6698502301975737	3.434993049060717	3.5646381479725506
AT4G08580	0.0	1.676182636245434	3.6652841053536664	3.398559095874588
AT3G20790	0.0	0.0	3.3621177711749417	3.2199405243896244
AT4G14330	0.0	0.0	2.3861908866917974	2.6641116118287793
AT1G25540	1.9519177939541499	1.8240688570438475	3.7423038710628527	3.59099409574229
AT2G06025	2.036594211018483	2.945486953251254	4.413425602069061	4.604506424455023
AT5G06960	0.0	0.0	2.4722369534497113	2.879852055221353
AT1G01320	4.042995174527629	3.9769333657506447	6.4091990933564995	6.395747585286928
AT3G16290	2.6454443902243403	3.2572974138385655	4.966092719257794	5.181169398888059
AT2G21385	1.7524064012612321	2.408957278996973	4.79821056403977	5.099152703072625
AT2G21380	0.0	0.6632970599175259	2.7918743439958043	2.754159707921755
AT1G17330	0.0	0.0	2.5364591978157445	3.798758688168655
AT3G23070	1.5708143582710352	1.454668431515891	4.3646349613013475	4.561449582873673
AT5G25060	1.7911867156575303	1.968929023920027	3.8008052201188924	3.685765075725922
AT3G04340	2.0527772291364887	2.323345027406386	4.552437619178249	4.415853117098373
AT4G33560	6.298435235871501	6.175540529375421	4.374366157441822	3.923803972919511
AT4G02270	6.8681178258762925	6.899598946134945	4.466598137536024	4.738915644971687
AT4G04840	5.301779830584319	5.14744726929989	0.0	2.8435532164674635
AT5G53440	2.1884256886267264	2.2761158790830116	4.2089784839510065	4.119322940626848
AT3G21250	2.4325653021003912	1.9926285929547625	4.208370835468637	4.501344450884467
AT1G47395	5.061313348800038	5.079910035461566	2.7742322962395347	2.6760879479351596
AT1G67120	0.218251242341564	0.14435357827476383	1.4369953489387834	1.4523657903056482
AT5G62530	0.0	0.0	3.587386921695584	3.979439391295371
AT5G22080	2.634395775461687	2.4836912841994288	4.281966661205868	5.313953713534899
AT1G60200	1.6688512040101515	1.4303578838342292	4.258433153795959	4.345119733137807
AT3G61800	0.3329328622688871	0.7600475936906647	2.3442648948025124	2.5902919468706767
AT1G03910	1.5369013111811025	2.346065877493125	4.194021918058989	4.046006560389709
AT3G07160	1.4193736957639984	1.1573597302263008	2.6810630518732284	3.3131911059003003
AT2G39260	1.7442836602761527	1.965165340151358	3.4969347704557165	3.9184725277122694
AT1G16710	0.21880879165038827	0.9684865141389647	2.277992722994355	2.6032642743237635
AT1G11720	1.6324991038164292	1.1784127615807707	3.5731838845383432	3.9386138973045735
AT1G21250	1.271290995071721	1.6069733933515487	5.050391386579557	5.293366973494683
AT1G10450	0.0	0.0	1.3903902745577035	1.9739425930368368
AT2G45180	12.073884367998195	12.053604253093486	10.014687882070275	10.145644132656884
AT1G24706	1.3391282586882618	1.0366721438495532	3.2116484616916816	2.8082222815522817
AT2G03870	5.145972034852866	5.600095624365502	3.4790794068622097	0.0
AT3G05270	0.8072907891126223	1.2638725574351046	3.5679835176281176	3.529744717426677
AT1G70610	0.0	0.0	3.6971077219922117	3.992255182734592
AT1G62740	2.4113518920809294	2.1769789686390024	4.564824670604157	4.562167114352015
AT1G02890	1.7190463424398221	2.7064800306123122	4.615377306157527	4.041814124619306
AT4G08310	0.0	0.0	3.401775117280077	4.028766091661327
AT1G20920	2.544021921174908	2.726844693258998	5.352000545972687	5.623589080376452
AT3G49140	1.715426686446987	3.086470529816066	4.884714380786123	4.4341210905662525
AT3G11120	10.202560307727742	10.297138344241842	7.997108869446799	7.969745407888173
AT4G24680	2.2737467057018637	1.966347661293699	3.9512444475526816	3.9745103932884667
AT5G23510	0.0	0.0	3.3112024625025023	3.4868509535579446
AT1G32928	5.342571020342378	5.669359487346186	3.334406708659533	3.668967431793268
AT1G49010	3.8994272298944037	3.2448492800007926	5.409351321690714	5.872285895012488
AT5G15960	4.668861476599212	3.0655366132152633	0.0	0.0
AT1G63460	4.821592546157273	4.199177017225162	0.0	0.0
AT1G03080	1.3403561602019056	1.9807235719552037	3.799691448296386	3.9208852613302843
AT3G48670	0.0	0.0	3.3547143446272436	3.581014887915899
AT3G20150	0.0	0.0	1.7167878389101383	1.7606813729409552
AT4G17330	1.6956157416943558	2.179894303679835	4.4074729007241915	4.552673213654856
AT3G25840	2.7093806836703784	2.814056120440711	5.204509851979204	5.078600571019924
AT4G14010	6.751277520933107	6.9013739471309625	4.463984205101839	4.1125448305645715
AT1G18370	0.0	0.8669109632159592	2.644370084449533	2.6975979941055486
AT2G39340	1.5280215685431953	1.2441579013560584	3.2325075473099525	3.512650185060091
AT1G62850	0.0	0.0	3.2787376510681017	3.054723869524788
AT3G62040	0.0	2.8596296074199934	4.911423757841341	5.244887541600337
AT5G65210	2.897817104680536	2.106381815779772	4.767022626598875	4.8977766755049394
AT3G06895	10.695938327968092	10.494936947768743	8.001265394387193	7.97338676020746
AT2G05440	10.969615543515962	10.851995957539403	8.283495803743481	8.213502584785642
AT5G04140	6.243945614235846	6.543132183644833	8.414172433042337	8.456492502031507
AT1G33410	0.0	0.9847817126294675	2.335624308039634	2.6979137413558316
AT5G56870	2.496550199991234	2.5185701601448525	4.116206860587106	4.783929920147538
AT4G10930	0.0	0.0	2.574437172363847	1.9277032848034676
AT3G54280	1.1328544148894217	0.88085321613482	2.7197595815299676	2.9104608395824103
AT3G01370	2.7277788770597526	1.8833456171416811	4.509467915243446	4.441294195086316
AT4G33270	1.4901584708467015	2.002446384738628	4.1069724075040455	3.942901873806939
AT5G43370	4.77592908800717	4.891168736580614	0.0	0.0
AT4G36980	1.9416479660511792	1.6097929459108848	4.944476007861214	5.104039623110509
AT5G16210	1.096964368877296	1.0698308531779572	3.05399824706233	2.9259034767289434
AT4G24190	4.559640888087713	4.372826751681798	6.7756032904209675	6.966116937532957
AT5G10140	3.5664252408101804	3.2940932979246713	0.0	0.0
AT1G58025	1.9778004046144317	0.0	3.7650965523549678	3.9818725636040764
AT1G65370	0.0	1.6278828515767538	4.151719392821604	4.266199447138105
AT1G80790	1.0198134796983003	0.9129231529901892	4.011392113585837	4.394828133677109
AT4G39050	0.9822515741080186	1.212785959557606	2.7931561779348817	3.2141816577922997
AT3G11710	3.4395644950679665	3.3201970038093034	5.329892294102122	5.651329460496685
AT3G57300	0.5083589108422223	0.7488607196985587	3.1073887291126057	2.8388667600935364
AT5G27950	1.5832726017674597	1.0961426062204225	3.7235553120832994	3.4291560733969573
AT3G19508	4.833876008083706	5.271949401600425	0.0	0.0
AT2G43520	5.652364216905192	5.770696906610125	3.6157119358636574	3.637749128595754
AT1G30410	0.4705137836940018	0.2818129585024299	2.5786348363101386	2.506196759326333
AT4G16660	1.7602643442955184	1.3439072785563246	3.8193420017815187	3.422767119054617
AT5G42110	8.150821395001854	8.363441302801062	6.079770114654907	6.306130290787047
AT3G61140	2.491156589961249	1.9801915583946677	4.366249359838037	4.541420493289
AT3G13225	0.9569605041534582	0.7431514187322644	2.861862938833085	3.072243136914683
AT3G16340	0.28375897011081114	0.30266130285717563	2.4812605324281463	2.351741512900824
AT5G66030	1.6698040157897218	2.0429521117159086	3.964853786028082	3.9387475987337592
AT1G74250	1.8502764130465326	2.2586417532571117	4.646197838838249	4.733886651318643
AT4G33740	2.663482083990261	2.8137918083271662	5.306307619219528	5.409792955220677
AT3G27030	6.322418486806737	6.531939374986421	4.6155938230069715	3.3978964531368305
AT1G15240	0.7253048439844394	2.2585918271205054	3.8630295278322353	3.348818001598826
AT1G42440	0.0	0.0	2.3143281188147413	2.1890716135391926
AT4G32620	1.3615147829475887	1.2415053598554182	2.8756134903817556	3.057712602907495
AT3G17790	6.74818627752448	6.605179044199212	4.3828480526577085	4.237998340252149
AT2G17820	0.6926506283817527	0.48439836687287313	2.821116277900114	2.257122426601979
AT5G58140	2.550433400135173	3.46187292573604	4.809693481030253	5.215536843067351
AT4G36080	0.440810314630285	0.3101640242236579	1.804453452657235	2.1631498511380176
AT5G20320	0.0	0.0	1.6941619948310065	1.0832536553152323
AT3G57020	6.327129320065649	6.251498365289504	3.8153979251859464	4.118029034986425
AT1G30490	1.2497827153185532	0.6480814594761652	3.1795666820212967	3.1077174826219327
AT3G46130	2.3117294728478157	1.4345947942697113	4.676658331972999	4.634273806529094
AT2G32240	2.787507201369609	2.6578834112463325	4.957578077388866	5.187364263027514
AT5G61140	0.0	0.25607907532135293	1.7731061985184033	2.0750808191455636
AT3G18390	4.368899561408135	4.1560668491568915	6.362865478544801	6.49682837100464
AT1G56230	1.7007527166133176	1.5243933547075945	3.224344190026971	3.625759285474793
AT3G11450	2.514697846001659	1.8902008293121446	4.1880474765686255	4.132863636074542
AT3G22760	0.0	0.0	1.8893097840440618	2.2275764366044966
AT2G26580	3.1192968199333193	3.4999388187554694	0.0	0.0
AT1G02930	4.113587108959514	4.160588253804731	6.463910308023885	6.521036989581897
AT5G23240	0.9628724764625726	1.6034055879440319	4.349128823665018	5.041042463035471
AT1G47330	0.0	0.0	2.5878661943441275	3.332586362765206
AT1G70660	5.226235156094138	6.201148900468066	0.0	0.0
AT2G33435	0.0	0.3329607148963898	2.6500479168723055	2.913236724781994
AT2G28490	0.0	0.0	2.432787454587558	2.7288495742988768
AT4G32330	2.7181887502891646	1.952323452981267	4.5512477538400065	4.596886220994244
AT4G26010	6.251414041023686	6.683168915448358	4.412836875201324	4.854940564388716
AT5G55520	0.0	0.0	2.5837059506981994	2.6429714213175233
AT3G63180	1.0903333500095795	1.1499550717416713	2.875493871479474	3.005335544224403
AT4G26190	0.7228925348958176	0.6404577080777073	3.294017700823304	3.6824012277887315
AT5G56360	0.738316104548129	0.0	3.346805704351253	4.53603041484156
AT5G27120	2.0555966417504945	1.798198490620318	3.7854271173473153	4.6319292630447
AT5G52550	2.1467547964560225	1.2208107739059366	4.254760811426508	3.970650074189295
AT1G30840	4.185104395713139	4.389994183654703	2.41253808036899	2.0190614719618107
AT5G44800	1.8438088883900081	1.647740323272022	3.4954421702147593	3.667365522342169
AT4G38120	0.0	0.0	1.9924541239759874	2.722265562976318
AT5G24670	1.978037378895842	1.7123349490127053	4.454472938328205	3.9632756400978444
AT5G40910	1.8812737147739944	1.715923640691759	3.471833292919408	3.5803056994897284
AT1G19835	1.7724908329045967	1.8725431495514802	3.9525347379853333	4.381921064173568
AT5G43150	6.125306975809342	6.0752521072061105	3.5447697556236917	4.302353255789641
AT5G54610	0.0	0.0	2.9182826090497995	2.4839902543665238
AT3G43110	6.4472684970045115	6.386727400601837	3.0464124381885673	3.106794168324662
AT4G21660	2.755486031780846	3.4822277807816104	5.267992928921232	5.570710809517199
AT2G40205	9.94405291138353	9.853063853015469	7.916185607521585	6.526827747894034
AT2G43570	0.0	0.0	3.577749210605606	3.912140653749538
AT2G37080	2.6054254252431512	2.9279350526460464	4.711679683687821	4.774212633986219
AT2G27470	2.5279125717605764	1.8445319996753478	3.9570327003987953	5.719023128894119
AT5G02830	2.468283345514936	2.150998571968184	4.412124505392628	4.499077402914482
AT4G15800	6.128917840252052	6.019149860172319	3.9601766080261087	4.287974091465028
AT5G09978	4.825567563119749	4.578019667350722	0.0	0.0
AT3G57470	0.0	0.0	2.6357766540879948	2.3474438623855653
AT1G58250	1.0112472883510473	0.9572147139921869	2.8501991127496873	3.010491671878467
AT5G66060	1.793812868306769	1.86772495848892	4.341162943817087	4.514497757915021
AT1G68720	2.172044522367612	2.1326650228705786	3.9307317965700603	4.235902872158154
AT5G03545	9.0905356144867	9.11659925545368	5.404259238472202	5.644074729246491
AT5G03540	1.940073203149687	1.8894942285853458	4.0813435639549285	4.057531155995802
AT2G21440	1.5156948661455616	0.4203940126610909	3.241577865281573	3.1248990595424564
AT2G24765	5.539588829559387	5.769359649194861	3.4798392087338277	3.3858647282323258
AT4G11830	1.6566840061887556	1.8641602806255186	3.782327376984287	3.596322481615004
AT4G26700	1.7256177326291384	2.247195420186606	4.168278765310223	4.547045032048744
AT5G64580	0.619100939419933	1.2254353821203094	4.058680371067973	3.8940462082660683
AT2G25170	1.5357049745132663	1.784248845280313	3.291467030814156	3.753692401394749
AT1G57770	4.594082380591526	4.818591709825107	1.105471862526604	3.021771765047978
AT1G79000	1.5693757869190048	1.0216842460512177	3.2628503929145527	3.9064072395425278
AT3G04160	0.0	0.0	1.7775016945367785	2.378730002969523
AT1G79830	2.7023859395640337	2.1718592605600295	5.198275487753624	5.310207752146478
AT1G77330	5.2469030347781125	5.335224354507345	3.1537219435902317	3.200743133184258
AT4G15180	1.1593437732878527	1.646483208849021	3.2013290070104854	3.5518851838033627
AT2G19110	2.519119617064956	1.8553634976186684	4.029952082002545	4.277842083482902
AT4G33500	1.4417524390444882	1.8215201072728064	4.094179116359881	3.6307279362405382
AT1G62310	0.0	0.0	2.0651421192868042	2.4934211268675712
AT3G50380	0.28940380046822156	0.16111328779864742	2.153657452374046	1.6459253157085674
AT2G25850	1.337635189472831	1.8532787731508384	3.141077613084216	3.499602678457185
AT5G59140	5.850395126735088	5.660943645787737	3.6656130440917316	3.093693628078426
AT4G12490	1.7712179204602831	2.2334058257223743	6.175039766945521	6.3259353919223
AT3G14172	0.642525961167989	0.5307757284932432	3.0659441335528514	2.755459139202207
AT4G09760	1.6248514918842833	1.4975121734701335	3.7962294183643133	4.166266889445167
AT4G10120	2.0261674771039733	2.510421114497681	5.186971314488157	5.395141935543879
AT2G01021	14.791762010952176	14.710576408665933	18.403194087238866	18.130242124353696
AT1G22890	4.537259576958249	4.81078379925695	0.0	0.0
AT5G17440	0.0	0.0	2.4533584449800863	3.3632638361416825
AT4G28080	4.358021617324342	4.448501153372333	6.4062856377422035	6.577435547561454
AT2G39580	0.38614333583510374	0.9078386656695638	3.321876806772533	3.3751725226427767
AT4G37920	0.0	0.0	3.1911532663214595	2.644709959803191
AT4G38950	1.5714369767169614	1.7941571156814395	3.3512308856728024	3.5239725395056474
AT1G19200	4.754569381270796	5.258623720895692	0.0	2.168708859176696
AT4G36520	1.1459447234321651	0.8307351539816726	2.835417661286455	3.232684456411656
AT3G03300	0.0	0.0	1.6568721273190437	1.437390155548371
AT3G54010	1.9871387901362856	1.882700948980385	3.623967129314215	4.122759078035606
AT5G21020	9.155402909590094	9.198902206879634	7.154848237865687	7.199798694187754
AT2G40430	0.0	2.1924098488301773	4.29311181115909	3.973734946643287
AT2G03140	0.7170798288017499	0.6796898099298937	2.474475749370402	2.576769498936346
AT4G02405	0.0	0.0	3.5923831857330266	2.761594374039459
AT4G02400	0.0	0.0	2.5574648147346677	3.3226185423018646
AT3G48110	0.9227833137794957	1.299592183759609	2.741235496773724	3.108811237531768
AT5G18030	5.048639894536766	5.144294020260019	3.2944017464892914	2.7320404501998214
AT4G26630	3.454559347181169	3.3422932068978706	5.951478033896057	6.2467938451847775
AT4G13235	3.7521497337658745	4.4388830535746715	0.0	0.0
AT1G49245	8.554576559780601	8.352905841953069	5.883565942737374	5.839516969393817
AT4G18240	0.8465630692599836	1.1375323087397475	3.453301244768027	3.9501257541033965
AT5G19220	4.169695544863848	2.8814196115290325	6.446140625010002	6.655661263787978
AT5G09410	0.0	0.8782663006820773	2.8321877522240713	3.2435586081935037
AT2G17930	1.1122709717323243	1.0298243165798828	2.963509050371045	3.1704623410078554
AT2G25730	1.8703669014904067	1.9397095293015547	3.626913176146538	3.698636961456737
AT3G45850	0.5285023520058925	0.826197929588814	2.8461331753878163	3.5482879749589866
AT5G47890	8.85396933897106	8.771106896129778	6.07738947681195	6.741910690957893
AT3G06930	1.174116252001946	0.0	3.4506395381276747	4.5072792882565755
AT1G75750	9.533859563629552	9.551879110698861	7.6218265539301475	7.412889884185687
AT3G07910	6.056648019645009	5.505738468604065	3.422330587866443	3.3056823461868516
AT5G55040	2.5659468596716644	2.7882122945375065	4.5258994253612626	4.639002839297258
AT5G49680	0.0	0.0	0.7909678865803235	1.467856234514933
AT4G17140	0.7967677470700391	1.0948044438161009	2.7698209000421317	2.821389008894976
AT3G44265	0.0	0.0	4.895905348369159	4.932199049815589
AT5G16680	0.8594967188064373	1.0675725613994844	2.8907697940821993	3.397277501611631
AT2G22795	2.7354594291985115	2.945572666890089	5.111549829832557	5.552549193566547
AT2G24650	0.0	0.0	1.7543821726759437	2.298044708256376
AT5G56850	1.895153068991504	2.2531209471145175	4.970227886018068	4.813154113501678
AT5G44110	5.4129607281280485	5.39545425279124	2.136782596137733	0.0
AT3G01310	1.3477713541118421	2.2957398453507154	3.6268733776296207	3.774602472075044
AT3G56400	0.0	1.7551443450053554	4.212051138678036	4.727257836494812
AT5G53740	0.0	0.0	4.75561278182076	4.4202505742082785
AT1G65800	1.047378861213501	1.558744055048988	3.8744899326263824	3.762412969640755
AT5G24620	2.76794036374877	2.7064647555799457	5.423479198821362	5.640769820713703
AT2G16740	3.4362753987366754	3.4571712414786058	0.0	0.0
AT5G56210	1.5640447110652007	0.0	3.343518073922069	3.7943037345532367
AT1G67890	1.6282857344783754	0.83123006919203	2.8493232243043303	3.3348421888999
AT3G10380	1.069756902963897	2.4262970489645963	3.648316091767533	3.9342814041921788
AT1G07600	3.3182758237950365	3.434930927708943	12.338112478314137	5.149604712842578
AT3G51150	1.1476668581226936	0.7884069562891313	3.498564159180683	3.6676204935522465
AT4G08593	0.0	0.0	4.5390339126773025	5.087856043355218
AT1G70060	0.43036077018631963	0.0	2.535518127885692	3.015947835709243
AT3G29320	2.823234738451791	3.3968731845381033	5.8525693215889785	5.499890052010737
AT2G03965	0.0	0.0	7.490556098890986	7.595314565092662
AT1G13220	0.0	0.0	1.9985887194517342	2.6024298458777415
AT1G52060	4.521993326928845	4.610590769786616	2.3060516296914577	1.9414184612544843
AT1G58602	2.9621277743020804	2.843829322019435	4.930122353918827	5.227246749285366
AT1G73790	4.580008419700291	3.8310883848391	0.0	0.0
AT1G74210	1.8639786536780643	0.0	4.369530823981515	4.327930372748349
AT3G05380	0.0	0.0	1.6414309112021568	1.839950487377993
AT3G22530	0.0	0.0	4.37606248211362	4.462553140616733
AT2G47980	1.0189854820346373	0.8103357396644703	3.246835901424052	3.124942101850257
AT4G11420	3.337984721497206	3.136466097508543	5.384106548013941	5.5810032345272536
AT2G03150	1.1348189792829273	0.3002769783188734	3.6168689150518363	3.8888414576041432
AT5G60250	0.0	0.0	1.8330986897760235	2.1196349104993355
AT1G47830	5.312590498654202	4.923873997421427	3.010287887773847	2.4768662736128464
AT1G27350	6.507488365614945	6.615352358100124	2.843601285435923	4.323487159286453
AT4G06643	0.0	0.0	4.664652178339843	4.554053796443175
AT1G24190	0.865391460042121	0.808476531685909	2.9109198827615255	2.654983999485823
AT5G15450	2.8095951725508406	3.424651139352319	4.955346246977882	5.356295117084993
AT3G27050	4.591385007777249	4.282289554355517	0.0	0.0
AT3G17970	1.4179614460513073	1.2082329204221227	3.402469366150485	3.6596001743140905
AT3G06390	6.6575301937452505	6.636329957539189	4.119581780246609	3.812338000149733
AT3G03270	5.365381548930439	5.461297502711051	0.0	0.0
AT5G63420	1.958777805544841	1.908225495722475	3.69224828693722	3.8779720274408214
AT1G49670	2.5552076576152722	1.2857601600235835	4.109403321046476	4.05616591941396
AT5G55660	2.3052075898206854	2.2649617169270155	5.148986504220576	5.437615937316511
AT5G20790	8.353855574428545	8.252457484206243	5.281527414090609	5.318272109217507
AT5G54530	3.5524229042651774	4.011386172666651	0.0	0.0
AT2G28780	0.9763505906269968	1.2896167790582715	3.5579642796611184	3.4012670137964136
AT2G45990	0.6017868572229329	2.015930241793756	4.664510359749912	5.575335401828823
AT1G77920	0.0	0.0	2.651557383476996	3.1265780903564293
AT1G12800	2.4642250169598903	3.100549352552954	5.540773135690981	5.20614678973165
AT3G24517	0.0	0.0	4.128312794075339	4.325994513423564
AT4G12830	0.0	0.0	3.879967437636895	3.4807918686533306
AT2G20840	4.55983264038338	4.013186372192886	2.384327091995093	0.0
AT1G56045	11.298825169019665	11.203744333292141	8.654650039940732	8.816880905208365
AT5G64840	4.658049461365271	4.798321476943159	6.584723909355147	6.929981383118054
AT5G60540	5.042631357091467	4.492549639472145	2.6277552114984557	2.0802230972777185
AT1G15910	1.7627789652366819	0.5349768061202922	3.5522927878837476	3.635218700214334
AT5G45260	0.8444829666732743	0.2692102379455278	2.5250116597227903	2.288175029158018
AT5G42600	0.4917320807042748	0.7261380361225227	2.682360431878087	3.929714669526636
AT2G47410	0.7317161250708015	0.49387135815057864	2.3039641527440247	2.2684507931228852
AT1G66840	1.783401625703391	1.1286266325804581	3.963225975903364	4.055327129878546
AT2G05540	8.154833645734184	8.117070657584302	5.934220134909876	5.938763721319819
AT1G65070	2.100540107678311	0.7723548956495719	3.6473427639161984	3.5939955397854244
AT1G79990	2.5414952632528767	3.1637854543208275	4.749715886962231	5.662596957768586
AT5G58240	4.746332166714728	4.962332742797866	0.0	0.0
AT3G08520	10.703849703216056	10.805256690899878	7.9781290121496795	7.8559816548668815
AT1G33040	4.461034536619704	3.7718788921648128	6.214335950185962	6.31401572244305
AT5G42030	2.5786863303034573	2.212503781502161	4.063709671519385	5.138266352567317
AT1G10865	5.232528642416749	5.274766553086518	2.994745598284684	0.0
AT1G47400	5.099166821548787	4.692162093140943	2.043698583322837	1.4044283798680426
AT5G06110	2.4383403518293383	2.515888086502952	4.2571468935614165	4.4850077364727445
AT1G10760	2.218355375420789	2.2602537924017576	5.5405697846698025	5.803017382756295
AT2G11225	0.0	0.0	4.624541178951709	5.4700490836636115
AT5G25830	3.4647451717096693	3.051184866745306	0.0	0.0
AT2G28250	0.0	0.0	2.0027279938848728	2.2872951286437804
AT2G18300	3.583809020817204	3.3658489650813395	5.4480600350654695	5.841893111020341
AT2G16485	1.7936806950413884	1.790873331040281	3.4688656532576916	3.688804966972239
AT5G51510	3.035673835784611	4.611765439300966	0.0	0.0
AT5G53850	0.0	1.2910881284023177	5.322716578264439	5.054064550544913
AT3G28220	1.7609005052927118	2.5984478881654303	4.2593153199509	4.338319321692935
AT2G46020	1.8924690319564745	1.84947251480074	3.9258228916261424	3.9892055152548385
AT5G41790	2.187082064196168	2.2038246122343454	4.453534444117861	4.636793536443265
AT2G24040	3.8464475143545367	4.096908303764563	0.0	0.0
AT2G15790	3.4421180660443573	3.1756735167783927	5.459942108668975	5.535482260124777
AT1G06150	2.07368602695998	1.2414798998143617	3.757979800680934	4.742855099196307
AT1G73980	1.5372697650633003	0.0	3.153067724185983	3.4217907503134013
AT5G63530	3.6051201041836936	2.9027412665490764	5.690227135733238	6.160864164613231
AT5G16030	3.6701600401697148	2.9521931034785625	6.13745002494112	5.823463382624281
AT2G14610	1.138643315838133	2.7670840731776836	6.575921110788858	6.485463860132309
AT5G42400	0.0	0.0	1.4927215681366897	1.7091222080823558
AT3G11010	0.5384513982546296	0.0	2.8317699706223	2.729142018625888
AT5G08640	4.30015872076195	4.213771233103297	2.3268896174183333	1.9877718081209792
AT2G30750	0.0	0.0	2.53006341200453	3.1027211853832153
AT1G53030	4.864094475783515	5.140858977034362	0.0	0.0
AT3G01345	0.0	0.4447320280116264	6.8807261656745276	6.990949677662329
AT2G46880	3.3899985033388997	2.1394193876080263	0.0	0.0
AT4G37820	2.038229200111525	1.559028828121866	4.237312846769112	4.236903758117339
AT3G16660	8.73857576413695	8.663182392411	6.367885900112949	6.360368024535234
AT4G00040	1.5771688003597235	1.986319741583594	4.116349950166027	4.214705251881882
AT1G14880	0.0	0.0	3.7926479276268372	5.028970491405644
AT3G19720	2.452816636461977	1.6053055996206351	4.2467331306003695	4.272962458456591
AT5G20180	6.2714855522585164	5.9950491930503995	3.729237142193398	3.070683345851317
AT5G45060	0.5777231995209978	1.3657854319031657	2.822233594279144	2.9498364198435896
AT5G22640	3.902723263853829	3.8945786704412244	6.526366338374282	6.507093773463382
AT5G56730	0.0	0.0	2.036689510691038	1.8743176664604877
AT3G14340	4.808802910231443	5.1724223919614944	0.0	0.0
AT3G23890	0.28292839527676433	0.9663901589098287	2.605285189605994	2.7254815688149203
AT4G23980	1.8118779933243547	1.8152281624695126	3.3635198902159553	3.781141088441731
AT5G10470	1.953361362735845	1.7405487896162142	3.794919472110295	4.230937726501243
AT2G02570	1.5978245684988353	2.3957403043924437	3.7782900380459115	4.729805514937646
AT5G62575	6.228532972408206	5.702695602944189	1.7007012556968975	0.0
AT5G66985	5.381703514548665	5.012055110737574	2.753934348148963	2.8197824920441508
AT2G34640	2.62222453719857	2.4441065202797763	4.49848909673568	4.228448775278083
AT4G29200	0.0	0.0	3.633646521272946	3.938297688546113
AT4G07965	0.0	0.0	5.271219098823503	5.931769911856668
AT2G42270	1.4346511520756586	1.4973142825837606	3.2122026846732705	3.493068714545555
AT1G10490	2.654083871093735	2.8613886254821868	0.0	0.0
AT3G62900	1.4990114112067516	1.342520005932145	3.038185106285466	3.552657326521379
AT5G22500	0.0	0.0	3.328894667708049	3.5359895642813015
AT2G14560	0.0	1.614364688185088	6.876775474704766	6.750362716683775
AT5G08760	0.0	0.0	3.9264184452836237	4.879811383422054
AT5G10910	3.4151649593626683	2.5431281937091965	5.135469041718862	5.15367599865184
AT5G42530	7.134966552438851	7.0018419376901395	9.85322418032148	9.872526986679777
AT1G13120	0.0	0.0	2.2589730081557216	2.896591983026721
AT3G56020	12.983741869275336	12.946087768883764	10.294492349553805	10.567013748072153
AT3G16840	0.0	0.0	2.98976719533674	2.3489545842257153
AT4G33060	0.0	0.0	2.340901815924627	2.828129265143881
AT3G21290	0.9261695190921333	0.5030701878961534	2.210920997336212	3.2499360124842607
AT5G47690	1.5479335473985363	2.167713947263038	3.603201161313724	4.338619897163353
AT3G12810	0.6922725322497963	0.32276600997961274	2.7632163344131153	2.873987139025231
AT5G61150	2.3301985743904847	2.268243734034812	4.6280230770289545	4.522590569460505
AT3G44480	1.5223559602550254	2.0231191218631333	3.6950567245429013	4.011542509413954
AT5G63140	4.301797584465779	4.307923702589141	2.6873196909694657	1.1625449307390623
AT2G19720	3.840744548722196	4.251938592671187	0.0	0.0
AT4G20850	3.2492643713202076	3.0246645247415014	5.655911618007587	5.72714004855392
AT5G55100	1.2641864499320923	1.4099782195786197	3.4503362058371043	3.8109003722532724
AT5G04560	1.3466468937649512	0.6645841201662187	2.987537420733986	2.778307598442464
AT1G18070	2.1264314555881887	2.0351297250198392	4.51698151523023	4.8920674706042195
AT1G02920	3.8861440585651983	3.4930054579466137	6.1187551082102365	6.364572198471885
AT2G38940	5.37701225141919	5.379075132899507	3.579325566975383	3.2193703447429587
AT5G55310	0.7468416329702747	0.44795990172166694	3.3536866366616453	3.294331615867714
AT4G10060	2.4365341463871735	2.3283414668614086	4.18797923201145	4.486254225585835
AT5G35210	1.8840925777951147	2.2010967964148267	4.030697307388899	4.1677280327145505
AT1G72410	1.475097038848096	1.4779515445785878	3.3539043425384594	3.660203372154776
ATCG00630	13.770177283986909	14.225937986857101	11.222520839470985	11.810345886639523
AT5G40340	1.8040404287776937	2.2084562817811553	3.8083911122466807	4.170852432604755
AT1G35710	0.7282550907052167	0.8845282626803805	3.056914983825809	3.507565097591849
AT3G13857	9.478610902950274	9.22273717684122	6.921336987370906	7.016550997990472
AT3G55470	0.0	0.0	2.845272943488178	3.9728748605308053
AT5G02880	1.5132518515787308	1.4806975975894232	3.4311392484352017	3.367064046896537
AT5G57290	9.91545362478614	9.909077262526173	7.623211367243937	7.901508691852358
AT1G05570	1.8014328444022902	1.5199940417283824	3.422043238909215	3.2843462084509336
AT2G40650	1.7605176178460953	2.5371301850509136	4.366539992902204	4.487096523481302
AT4G29750	0.9690628502155352	1.5014935362442772	3.3445864864190034	3.3180475525317314
AT2G03090	5.784989847941696	6.197326169103607	3.9840411334550274	3.9239026029554163
AT1G14840	1.8220427338537961	1.6645311403258676	3.695790268004348	4.259822314334373
AT2G18193	0.7875063944757597	0.679802551190221	4.017555285249475	3.9635651230347007
AT1G33960	0.0	0.0	3.7028713553718586	3.641824063748148
AT1G21580	1.796384843515546	2.1281308537009864	4.0436845807922035	4.465968462466825
AT5G27330	2.426075577533418	2.5701596942733893	4.854712981216332	5.295510974365268
AT4G13395	5.94365723228685	5.991063955350392	1.80151539519909	3.1483576865215057
AT5G22330	0.0	0.0	3.6211068229408627	2.0633336257692605
AT1G49870	0.0	0.0	2.114731037803142	2.1693948908415464
AT4G32420	0.9208601333432119	1.3461259197256734	3.3818918997613885	3.614905428158584
AT2G43640	3.570474685365011	4.239445128817684	0.0	0.0
AT5G59030	7.656316033396564	7.567395016401761	5.261237100062051	5.405162416873748
AT1G79380	2.3532796674646272	3.4769459648118533	4.936304180227809	5.26181547175923
AT1G10890	1.268506918439687	1.4466959267326516	3.8247153393112416	3.748418822166552
AT5G57785	5.690411758801975	5.718920287404054	3.2188404714455934	3.873495305866399
AT2G25650	0.5634440007094311	0.0	5.299802687276896	5.2496586181890255
AT4G31570	0.6861110249112004	0.4790582055585683	2.5506942710460567	2.8121060159980464
AT2G04350	2.356288455513037	2.3599030938081147	4.785003167566276	4.565597887182666
AT1G53800	2.1526299668766584	1.5048714635878595	4.30330340805581	4.361058470139407
AT3G11590	2.105458418403423	2.185029479010628	4.188709332330395	3.922628760653757
AT5G14370	3.3759184016194523	4.086550004388405	5.601007966177695	6.032778115838864
AT5G60100	0.0	0.0	2.2485801357517876	2.9119401808953733
AT3G44735	5.379061665070928	4.749150544551796	0.0	0.0
AT1G01580	2.248652073617403	2.545479187021411	0.0	0.0
AT3G09922	6.101327685166629	6.185237260903521	1.697913954197442	2.790437345450097
AT3G09920	1.2479290186718306	1.2208366013286867	3.8112099216426913	3.782664679924648
AT5G17610	4.304220703107319	4.352055641754728	0.0	2.041723311324345
AT1G71220	0.8775146912692043	0.7435447274911088	2.816019805113982	3.3481407554460243
AT5G04020	0.9717000650398959	0.8502283513049795	2.725129402342461	2.370631112249158
AT3G25690	3.5445027779341594	3.597694557612001	6.124965308333488	6.262853988346906
AT5G03940	2.9920562853534123	3.360476814513768	5.437421354612599	5.754133324007461
AT2G17040	0.0	0.0	3.3390349559588524	3.2008005951816565
AT5G10100	3.781363732807544	4.08778399450246	1.3181063749803448	1.255370249314867
AT4G14510	0.690773176068721	1.1774673937873765	3.260842297730758	3.2227051148865677
AT4G27120	1.42427830701209	2.623793904286318	4.305454594340277	4.269387682915643
AT5G12240	4.828120374977321	5.063656451293239	0.0	2.2591861067191834
AT3G13330	1.006679920759674	1.3551805203067013	2.788870582968855	2.6380483002633834
AT5G47500	4.252162855022021	3.6139497675626044	6.347374362413333	6.345936749600247
AT1G77090	2.518374269645732	2.7115645361981513	4.93829983275999	4.558013644881291
AT1G66980	1.9150924892168752	2.109123185706766	4.003057995497299	3.731327010566573
AT1G50030	0.6047376451990977	0.36055043642988455	2.4309193681026304	2.567520211650265
AT5G65780	1.8648063054343293	2.7873958818845708	4.402247574139568	4.6129398964063615
AT2G34585	9.089603564788046	9.045271907851983	6.511206620954879	6.309222807539987
